<?xml version="1.0" encoding="UTF-8"?>
<!DOCTYPE suite SYSTEM "https://testng.org/testng-1.0.dtd">
<suite name="RegressionSuite">
	<test thread-count="5" name="ChromeTest">
		<classes>
			<class name="LearningBatchExecution.TestClass_01" />
			<class name="LearningBatchExecution.TestClass_02" />
			<class name="LearningBatchExecution.TestClass_03" />
			<class name="LearningBatchExecution.TestClass_04" />
			<class name="LearningBatchExecution.TestClass_05" />


		</classes>
	</test> <!--
	ChromeTest -->
</suite> <!--
RegressionSuite -->
