<?xml version="1.0" encoding="UTF-8"?>
<!DOCTYPE suite SYSTEM "https://testng.org/testng-1.0.dtd">
<suite parallel="tests" name="RegressionSuite">


	<test thread-count="5" parallel="tests" name="Test1">

		<parameter name="Browser" value="chrome"></parameter>
		<classes>
			<class name="LearningTestNG.Task1" />

		</classes>
	</test> <!--
	Test -->











	<test thread-count="5" parallel="tests" name="Test2">
		<parameter name="Browser" value="edge"></parameter>
		<classes>
			<class name="LearningTestNG.Task2" />
		</classes>
	</test> <!--
	Test -->


	<test thread-count="5" parallel="tests" name="Test3">
		<parameter name="Browser" value="firefox"></parameter>
		<classes>

			<class name="LearningTestNG.Task3" />
		</classes>
	</test> <!--
	Test -->


</suite> <!--RegressionSuite -->
